Pattern,Support,MinSup,Runtime
tim	brock	,6,6,0.2278900146484375
face	,6,6,0.2278900146484375
pardon	,6,6,0.2278900146484375
removal	silent	assassin	cellar	tsa	,6,6,0.2278900146484375
creative	,6,6,0.2278900146484375
fli	,6,6,0.2278900146484375
sense	,6,6,0.2278900146484375
tseng	,6,6,0.2278900146484375
exe	,6,6,0.2278900146484375
meet	,6,6,0.2278900146484375
upgrade	,6,6,0.2278900146484375
go32	,6,6,0.2278900146484375
ncsu	,6,6,0.2278900146484375
psu	,6,6,0.2278900146484375
filename	,6,6,0.2278900146484375
equal	,6,6,0.2278900146484375
4000	,6,6,0.2278900146484375
anywhere	,6,6,0.2278900146484375
isa	,6,6,0.2278900146484375
dir	,6,6,0.2278900146484375
cb	,6,6,0.2278900146484375
duke	,6,6,0.2278900146484375
rumours	fact	supposedly	especially	released	motorola	1993apr15	hands	mcmains	unt	68070	considering	68010	68060	680x0	lineup	wow	,6,6,0.2278900146484375
mot	,6,6,0.2278900146484375
lyall	,6,6,0.2278900146484375
login	,6,6,0.2278900146484375
melbourne	,6,6,0.2278900146484375
circles	,6,6,0.2278900146484375
corel	,6,6,0.2278900146484375
fancy	,6,6,0.2278900146484375
sold	,6,6,0.2278900146484375
1993apr14	,6,6,0.2278900146484375
recall	,6,6,0.2278900146484375
learning	,6,6,0.2278900146484375
djgpp	,6,6,0.2278900146484375
doubt	,6,6,0.2278900146484375
self	,6,6,0.2278900146484375
late	,6,6,0.2278900146484375
1991	,6,6,0.2278900146484375
processor	depth	nicely	,6,6,0.2278900146484375
fps	,6,6,0.2278900146484375
expanded	,6,6,0.2278900146484375
1993apr16	,6,6,0.2278900146484375
roll	,6,6,0.2278900146484375
talk	,6,6,0.2278900146484375
supplied	,6,6,0.2278900146484375
smooth	,6,6,0.2278900146484375
rule	,6,6,0.2278900146484375
properly	,6,6,0.2278900146484375
playing	,6,6,0.2278900146484375
moving	,6,6,0.2278900146484375
involved	,6,6,0.2278900146484375
frequently	,6,6,0.2278900146484375
fee	,6,6,0.2278900146484375
entry	,6,6,0.2278900146484375
effects	,6,6,0.2278900146484375
basis	,6,6,0.2278900146484375
wisc	,6,6,0.2278900146484375
wait	,6,6,0.2278900146484375
unm	,6,6,0.2278900146484375
ucsd	,6,6,0.2278900146484375
typing	,6,6,0.2278900146484375
turns	,6,6,0.2278900146484375
table	,6,6,0.2278900146484375
states	,6,6,0.2278900146484375
sequences	,6,6,0.2278900146484375
sell	,6,6,0.2278900146484375
prompt	,6,6,0.2278900146484375
pre	,6,6,0.2278900146484375
popular	,6,6,0.2278900146484375
depth	movies	played	,6,6,0.2278900146484375
computers	supported	personal	,6,6,0.2278900146484375
owner	,6,6,0.2278900146484375
orientation	,6,6,0.2278900146484375
operations	,6,6,0.2278900146484375
older	,6,6,0.2278900146484375
notes	,6,6,0.2278900146484375
networks	,6,6,0.2278900146484375
measurement	,6,6,0.2278900146484375
magazines	,6,6,0.2278900146484375
plain	lawrence	,6,6,0.2278900146484375
united	kingdom	,6,6,0.2278900146484375
joe	,6,6,0.2278900146484375
items	,6,6,0.2278900146484375
industry	,6,6,0.2278900146484375
imho	,6,6,0.2278900146484375
font	,6,6,0.2278900146484375
federal	,6,6,0.2278900146484375
document	,6,6,0.2278900146484375
april	beta	,6,6,0.2278900146484375
availability	,6,6,0.2278900146484375
media	arts	,6,6,0.2278900146484375
announced	,6,6,0.2278900146484375
description	header	among	,6,6,0.2278900146484375
accept	,6,6,0.2278900146484375
9000	,6,6,0.2278900146484375
88	,6,6,0.2278900146484375
200	600	,6,6,0.2278900146484375
55	,6,6,0.2278900146484375
500	,6,6,0.2278900146484375
137	,6,6,0.2278900146484375
1000	,6,6,0.2278900146484375
patterns	,6,6,0.2278900146484375
inst	,6,6,0.2278900146484375
grid	,6,6,0.2278900146484375
forms	,6,6,0.2278900146484375
ansi	,6,6,0.2278900146484375
jp	,6,6,0.2278900146484375
receive	,6,6,0.2278900146484375
polytechnic	,6,6,0.2278900146484375
megs	,6,6,0.2278900146484375
modify	,6,6,0.2278900146484375
buffer	,6,6,0.2278900146484375
pathology	,6,6,0.2278900146484375
triangulation	,6,6,0.2278900146484375
delaunay	,6,6,0.2278900146484375
installed	,6,6,0.2278900146484375
yours	,6,6,0.2278900146484375
pbmplus	,6,6,0.2278900146484375
george	,6,6,0.2278900146484375
low	editing	,6,6,0.2278900146484375
56	,6,6,0.2278900146484375
harris	,6,6,0.2278900146484375
sending	,6,6,0.2278900146484375
bought	,6,6,0.2278900146484375
muenchen	,6,6,0.2278900146484375
mpg	,6,6,0.2278900146484375
ian	,6,6,0.2278900146484375
1988	,6,6,0.2278900146484375
mexico	,6,6,0.2278900146484375
hell	,6,6,0.2278900146484375
plan	,6,6,0.2278900146484375
normals	,6,6,0.2278900146484375
equations	,6,6,0.2278900146484375
pic	,6,6,0.2278900146484375
6000	rs	,6,6,0.2278900146484375
doug	,6,6,0.2278900146484375
vendors	,6,6,0.2278900146484375
vendor	,6,6,0.2278900146484375
operation	,6,6,0.2278900146484375
providing	,6,6,0.2278900146484375
khoros	,6,6,0.2278900146484375
eisa	,6,6,0.2278900146484375
1024x768	,6,6,0.2278900146484375
reserve	,6,6,0.2278900146484375
paint	,6,6,0.2278900146484375
triangles	,6,6,0.2278900146484375
oriented	,6,6,0.2278900146484375
andreas	,6,6,0.2278900146484375
submit	,6,6,0.2278900146484375
structures	,6,6,0.2278900146484375
presentation	,6,6,0.2278900146484375
computational	,6,6,0.2278900146484375
abstract	,6,6,0.2278900146484375
tracer	,6,6,0.2278900146484375
unique	,6,6,0.2278900146484375
rates	,6,6,0.2278900146484375
primarily	,6,6,0.2278900146484375
multiple	,6,6,0.2278900146484375
limit	,6,6,0.2278900146484375
installation	,6,6,0.2278900146484375
improved	,6,6,0.2278900146484375
functionality	,6,6,0.2278900146484375
enter	,6,6,0.2278900146484375
jason	,6,6,0.2278900146484375
oh	cleveland	,6,6,0.2278900146484375
216	,6,6,0.2278900146484375
character	,6,6,0.2278900146484375
heavy	,6,6,0.2278900146484375
nine	,6,6,0.2278900146484375
extract	,6,6,0.2278900146484375
hole	,6,6,0.2278900146484375
bill	,6,6,0.2278900146484375
axis	,6,6,0.2278900146484375
appears	,6,6,0.2278900146484375
removed	,6,6,0.2278900146484375
processors	,6,6,0.2278900146484375
prefer	,6,6,0.2278900146484375
light	,6,6,0.2278900146484375
languages	,6,6,0.2278900146484375
hill	,6,6,0.2278900146484375
happen	,6,6,0.2278900146484375
simon	bull	hemel	scrowe	crowe	,6,6,0.2278900146484375
completely	,6,6,0.2278900146484375
caltech	,6,6,0.2278900146484375
bound	,6,6,0.2278900146484375
announcement	,6,6,0.2278900146484375
aliasing	,6,6,0.2278900146484375
89	,6,6,0.2278900146484375
1985	,6,6,0.2278900146484375
improve	,6,6,0.2278900146484375
fat	,6,6,0.2278900146484375
anymore	,6,6,0.2278900146484375
remove	,6,6,0.2278900146484375
projection	,6,6,0.2278900146484375
47	,6,6,0.2278900146484375
internal	,6,6,0.2278900146484375
repeat	,6,6,0.2278900146484375
formed	,6,6,0.2278900146484375
compute	,6,6,0.2278900146484375
communication	,6,6,0.2278900146484375
integer	,6,6,0.2278900146484375
hundreds	,6,6,0.2278900146484375
competing	,6,6,0.2278900146484375
numerical	,6,6,0.2278900146484375
missed	,6,6,0.2278900146484375
fr	imag	,6,6,0.2278900146484375
glad	,6,6,0.2278900146484375
ultra	,6,6,0.2278900146484375
edward	ednobles	nobles	oren	ortn	sacam	,6,6,0.2278900146484375
covers	,6,6,0.2278900146484375
clear	,6,6,0.2278900146484375
potential	,6,6,0.2278900146484375
laboratories	,6,6,0.2278900146484375
games	,6,6,0.2278900146484375
smith	joseph	orourke	rourke	sophia	,6,6,0.2278900146484375
cso	ux4	adamski	lucas	osprey	,6,6,0.2278900146484375
x11r4	,6,6,0.2278900146484375
specified	,6,6,0.2278900146484375
ppm	,6,6,0.2278900146484375
care	,6,6,0.2278900146484375
automatically	,6,6,0.2278900146484375
preferred	,6,6,0.2278900146484375
exactly	solution	checked	edward	geometry	fitting	gems	loss	bolson	boy	carson	straightforward	trivial	immediately	embarassing	farin	mercy	,6,6,0.2278900146484375
206	,6,6,0.2278900146484375
therefore	,6,6,0.2278900146484375
acceptable	,6,6,0.2278900146484375
technische	,6,6,0.2278900146484375
gnu	,6,6,0.2278900146484375
eicn	etna	,6,6,0.2278900146484375
variable	,6,6,0.2278900146484375
twice	,6,6,0.2278900146484375
rs6000	,6,6,0.2278900146484375
core	,6,6,0.2278900146484375
compiler	,6,6,0.2278900146484375
turner	,6,6,0.2278900146484375
louis	,6,6,0.2278900146484375
onto	,6,6,0.2278900146484375
grasp	,6,6,0.2278900146484375
daniel	,6,6,0.2278900146484375
gnuplot	,6,6,0.2278900146484375
curve	curves	bezier	calculating	ferdinand	oeinck	waterland	wlink	cusp	detecting	,6,6,0.2278900146484375
geometric	147	characterization	,6,6,0.2278900146484375
163	,6,6,0.2278900146484375
kih	joachim	lous	,6,6,0.2278900146484375
deep	,6,6,0.2278900146484375
significance	philosophical	douglas	adams	,6,6,0.2278900146484375
preferably	,6,6,0.2278900146484375
preston	,6,6,0.2278900146484375
powerful	,6,6,0.2278900146484375
job	,6,6,0.2278900146484375
import	,6,6,0.2278900146484375
flexible	,6,6,0.2278900146484375
environments	,6,6,0.2278900146484375
app	,6,6,0.2278900146484375
unibe	,6,6,0.2278900146484375
greetings	,6,6,0.2278900146484375
announce	,6,6,0.2278900146484375
offset	,6,6,0.2278900146484375
wang	,6,6,0.2278900146484375
million	,6,6,0.2278900146484375
textures	,6,6,0.2278900146484375
triangle	,6,6,0.2278900146484375
renderer	,6,6,0.2278900146484375
13h	,6,6,0.2278900146484375
slower	,6,6,0.2278900146484375
mips	,6,6,0.2278900146484375
rumours	compact	centris	codec	,6,6,0.2278900146484375
cambridge	,6,6,0.2278900146484375
rumours	processor	centris	30fps	,6,6,0.2278900146484375
vancouver	,6,6,0.2278900146484375
selling	,6,6,0.2278900146484375
mp	,6,6,0.2278900146484375
sloan	,6,6,0.2278900146484375
exposure	,6,6,0.2278900146484375
csc	,6,6,0.2278900146484375
campbell	,6,6,0.2278900146484375
alabama	,6,6,0.2278900146484375
maryland	,6,6,0.2278900146484375
intensity	,6,6,0.2278900146484375
stay	,6,6,0.2278900146484375
patch	,6,6,0.2278900146484375
loop	,6,6,0.2278900146484375
cool	,6,6,0.2278900146484375
mi	,7,6,0.2278900146484375
bios	,7,6,0.2278900146484375
bring	,7,6,0.2278900146484375
everybody	,7,6,0.2278900146484375
opposite	,7,6,0.2278900146484375
tim	tmc	brocku	ciceran	spartan	,7,6,0.2278900146484375
brain	,7,6,0.2278900146484375
mega	,7,6,0.2278900146484375
trace	,7,6,0.2278900146484375
translation	,7,6,0.2278900146484375
square	,7,6,0.2278900146484375
uu	510	,6,6,0.2278900146484375
against	510	,6,6,0.2278900146484375
release	510	,6,6,0.2278900146484375
rumours	supposedly	1993apr15	mcmains	unt	68070	68010	variation	,6,6,0.2278900146484375
sig	,7,6,0.2278900146484375
rumours	supposedly	1993apr15	mcmains	unt	68070	11632	164940	mercury	68010	,6,6,0.2278900146484375
dan	,7,6,0.2278900146484375
valid	,7,6,0.2278900146484375
doc	,7,6,0.2278900146484375
gopher	,7,6,0.2278900146484375
quarter	,7,6,0.2278900146484375
rochester	,7,6,0.2278900146484375
rumours	fact	1993apr15	mcmains	unt	11632	164940	mercury	,6,6,0.2278900146484375
increased	,7,6,0.2278900146484375
guys	,7,6,0.2278900146484375
guy	,7,6,0.2278900146484375
650	,7,6,0.2278900146484375
grayscale	,7,6,0.2278900146484375
weeks	,7,6,0.2278900146484375
tsr	,7,6,0.2278900146484375
terms	,7,6,0.2278900146484375
selection	,7,6,0.2278900146484375
scrolling	,7,6,0.2278900146484375
happens	,7,6,0.2278900146484375
fix	,7,6,0.2278900146484375
maybe	entirely	,6,6,0.2278900146484375
described	,7,6,0.2278900146484375
crash	,7,6,0.2278900146484375
count	,7,6,0.2278900146484375
bet	,7,6,0.2278900146484375
apparently	,7,6,0.2278900146484375
particularly	,7,6,0.2278900146484375
artist	,7,6,0.2278900146484375
anti	,7,6,0.2278900146484375
52	,7,6,0.2278900146484375
36	,7,6,0.2278900146484375
midway	uchicago	,7,6,0.2278900146484375
qc	,7,6,0.2278900146484375
compare	,7,6,0.2278900146484375
updated	,7,6,0.2278900146484375
transfer	,7,6,0.2278900146484375
testing	,7,6,0.2278900146484375
side	,7,6,0.2278900146484375
searching	,7,6,0.2278900146484375
expect	plain	risc	,6,6,0.2278900146484375
position	,7,6,0.2278900146484375
pasadena	,7,6,0.2278900146484375
offers	,7,6,0.2278900146484375
description	changes	readme	modified	,6,6,0.2278900146484375
libraries	top	fully	modified	,6,6,0.2278900146484375
key	,7,6,0.2278900146484375
jpl	,7,6,0.2278900146484375
believe	instance	,6,6,0.2278900146484375
imagery	,7,6,0.2278900146484375
huge	,7,6,0.2278900146484375
god	,7,6,0.2278900146484375
field	,7,6,0.2278900146484375
educational	,7,6,0.2278900146484375
default	,7,6,0.2278900146484375
crimson	,7,6,0.2278900146484375
compuserve	,7,6,0.2278900146484375
community	,7,6,0.2278900146484375
central	,7,6,0.2278900146484375
animations	,7,6,0.2278900146484375
90	,7,6,0.2278900146484375
800	,7,6,0.2278900146484375
80	,7,6,0.2278900146484375
312	,7,6,0.2278900146484375
2nd	,7,6,0.2278900146484375
feature	,7,6,0.2278900146484375
compressed	,7,6,0.2278900146484375
telling	,7,6,0.2278900146484375
purposes	,7,6,0.2278900146484375
originally	,7,6,0.2278900146484375
behind	,7,6,0.2278900146484375
areas	,7,6,0.2278900146484375
286	,7,6,0.2278900146484375
mostly	,7,6,0.2278900146484375
terminal	,7,6,0.2278900146484375
root	,7,6,0.2278900146484375
knew	,7,6,0.2278900146484375
comments	comparison	,6,6,0.2278900146484375
changed	,7,6,0.2278900146484375
clip	,7,6,0.2278900146484375
connect	,7,6,0.2278900146484375
aren	,7,6,0.2278900146484375
somebody	,7,6,0.2278900146484375
plots	,7,6,0.2278900146484375
mentor	,7,6,0.2278900146484375
manipulate	,7,6,0.2278900146484375
illustrator	,7,6,0.2278900146484375
rigel	,7,6,0.2278900146484375
tx	,7,6,0.2278900146484375
sufficient	,7,6,0.2278900146484375
store	,7,6,0.2278900146484375
layout	,7,6,0.2278900146484375
film	,7,6,0.2278900146484375
mailing	,7,6,0.2278900146484375
ability	,7,6,0.2278900146484375
68	,7,6,0.2278900146484375
telephone	,7,6,0.2278900146484375
proceedings	,7,6,0.2278900146484375
length	,7,6,0.2278900146484375
considered	,7,6,0.2278900146484375
301	,7,6,0.2278900146484375
wants	,7,6,0.2278900146484375
separate	,7,6,0.2278900146484375
prove	,7,6,0.2278900146484375
generic	,7,6,0.2278900146484375
event	,7,6,0.2278900146484375
decide	,7,6,0.2278900146484375
choose	,7,6,0.2278900146484375
molecular	,7,6,0.2278900146484375
florida	,7,6,0.2278900146484375
parts	,7,6,0.2278900146484375
characters	,7,6,0.2278900146484375
ufl	,7,6,0.2278900146484375
six	,7,6,0.2278900146484375
select	,7,6,0.2278900146484375
saving	,7,6,0.2278900146484375
recommend	offer	removal	shading	building	recommendations	carpenter	tasks	rudimentry	,6,6,0.2278900146484375
manipulating	,7,6,0.2278900146484375
independent	,7,6,0.2278900146484375
follows	,7,6,0.2278900146484375
dimensional	,7,6,0.2278900146484375
03	,7,6,0.2278900146484375
yourself	,7,6,0.2278900146484375
topic	,7,6,0.2278900146484375
relevant	,7,6,0.2278900146484375
listed	,7,6,0.2278900146484375
days	,7,6,0.2278900146484375
cray	,7,6,0.2278900146484375
bell	,7,6,0.2278900146484375
differ	,7,6,0.2278900146484375
apply	,7,6,0.2278900146484375
rotation	,7,6,0.2278900146484375
netcom	,7,6,0.2278900146484375
intersecting	,7,6,0.2278900146484375
implement	,7,6,0.2278900146484375
calculations	,7,6,0.2278900146484375
sue	,7,6,0.2278900146484375
build	satellite	,6,6,0.2278900146484375
company	generated	satellite	,6,6,0.2278900146484375
printing	,7,6,0.2278900146484375
copyrighted	,7,6,0.2278900146484375
copyright	,7,6,0.2278900146484375
facility	,7,6,0.2278900146484375
physics	,7,6,0.2278900146484375
rahul	bryan	bryanw	woodworth	,7,6,0.2278900146484375
wasn	,7,6,0.2278900146484375
lost	,7,6,0.2278900146484375
rahul	a2i	bolero	,7,6,0.2278900146484375
1993apr17	,7,6,0.2278900146484375
ati	,7,6,0.2278900146484375
computers	kubota	,6,6,0.2278900146484375
guest	,7,6,0.2278900146484375
1993apr20	,7,6,0.2278900146484375
wide	,7,6,0.2278900146484375
printed	,7,6,0.2278900146484375
mathematics	,7,6,0.2278900146484375
fit	,7,6,0.2278900146484375
max	,7,6,0.2278900146484375
exactly	solution	edward	fitting	bolson	carson	coplanar	,6,6,0.2278900146484375
effect	,7,6,0.2278900146484375
chips	,7,6,0.2278900146484375
raytracer	,7,6,0.2278900146484375
std	,7,6,0.2278900146484375
micro	,7,6,0.2278900146484375
england	,7,6,0.2278900146484375
rick	,7,6,0.2278900146484375
mapped	,7,6,0.2278900146484375
living	,7,6,0.2278900146484375
whose	,7,6,0.2278900146484375
sdsu	,7,6,0.2278900146484375
plot	,7,6,0.2278900146484375
office	,7,6,0.2278900146484375
san	619	,6,6,0.2278900146484375
curve	curves	bezier	cubic	ferdinand	oeinck	waterland	wlink	,6,6,0.2278900146484375
parametric	,7,6,0.2278900146484375
significance	philosophical	galki	toppoint	ulrich	,7,6,0.2278900146484375
according	,7,6,0.2278900146484375
pass	,7,6,0.2278900146484375
poor	,7,6,0.2278900146484375
minute	,7,6,0.2278900146484375
finished	,7,6,0.2278900146484375
84	,7,6,0.2278900146484375
associated	,7,6,0.2278900146484375
qt	,7,6,0.2278900146484375
pay	,7,6,0.2278900146484375
dithering	,7,6,0.2278900146484375
bc	,7,6,0.2278900146484375
seconds	,7,6,0.2278900146484375
precision	,7,6,0.2278900146484375
tv	,7,6,0.2278900146484375
park	,7,6,0.2278900146484375
solve	,7,6,0.2278900146484375
body	,7,6,0.2278900146484375
person	,8,6,0.2278900146484375
feel	personally	tdawson	forum	herringshaw	learn	proposed	favor	concerning	curious	posts	discussing	agree	awful	convenience	wate	srvr1	1quvdoinn3e7	,6,6,0.2278900146484375
marc	,8,6,0.2278900146484375
business	,8,6,0.2278900146484375
modes	paradise	,6,6,0.2278900146484375
uni	,8,6,0.2278900146484375
fr	france	,6,6,0.2278900146484375
shipping	,8,6,0.2278900146484375
mcs	,8,6,0.2278900146484375
boards	,8,6,0.2278900146484375
visible	,8,6,0.2278900146484375
against	uu	,6,6,0.2278900146484375
release	uu	,6,6,0.2278900146484375
sample	,8,6,0.2278900146484375
differences	,8,6,0.2278900146484375
rob	,8,6,0.2278900146484375
43	,8,6,0.2278900146484375
andre	,8,6,0.2278900146484375
willing	,8,6,0.2278900146484375
unc	,8,6,0.2278900146484375
third	,8,6,0.2278900146484375
technologies	,8,6,0.2278900146484375
targa	,8,6,0.2278900146484375
tape	,8,6,0.2278900146484375
solutions	,8,6,0.2278900146484375
sequence	,8,6,0.2278900146484375
scan	,8,6,0.2278900146484375
return	,8,6,0.2278900146484375
remote	,8,6,0.2278900146484375
192	readme	,6,6,0.2278900146484375
supported	readme	,6,6,0.2278900146484375
raw	,8,6,0.2278900146484375
range	,8,6,0.2278900146484375
produce	,8,6,0.2278900146484375
password	,8,6,0.2278900146484375
mathematical	,8,6,0.2278900146484375
lower	,8,6,0.2278900146484375
iris	indigo	,6,6,0.2278900146484375
feel	indigo	,6,6,0.2278900146484375
impulse	,8,6,0.2278900146484375
1989	generation	,6,6,0.2278900146484375
description	changes	supported	fully	,6,6,0.2278900146484375
binary	forget	,7,6,0.2278900146484375
further	supported	five	,6,6,0.2278900146484375
digitize	digitized	,6,6,0.2278900146484375
notice	digitized	,6,6,0.2278900146484375
depth	expect	plain	digitized	,6,6,0.2278900146484375
asked	depth	digitized	,6,6,0.2278900146484375
couldn	,8,6,0.2278900146484375
convex	,8,6,0.2278900146484375
codes	,8,6,0.2278900146484375
binaries	,8,6,0.2278900146484375
bank	,8,6,0.2278900146484375
bands	,8,6,0.2278900146484375
45	,8,6,0.2278900146484375
standards	,8,6,0.2278900146484375
zealand	,8,6,0.2278900146484375
copies	,8,6,0.2278900146484375
visual	,8,6,0.2278900146484375
asked	him	,7,6,0.2278900146484375
cut	,8,6,0.2278900146484375
dxf	,8,6,0.2278900146484375
portable	,8,6,0.2278900146484375
phigs	,8,6,0.2278900146484375
lib	,8,6,0.2278900146484375
paul	,8,6,0.2278900146484375
expensive	,8,6,0.2278900146484375
charles	progress	boesel	cboesel	,6,6,0.2278900146484375
impressed	,8,6,0.2278900146484375
directories	,8,6,0.2278900146484375
virginia	,8,6,0.2278900146484375
capability	,8,6,0.2278900146484375
sales	,8,6,0.2278900146484375
widely	,8,6,0.2278900146484375
further	regular	organizations	,6,6,0.2278900146484375
authors	,8,6,0.2278900146484375
christopher	,8,6,0.2278900146484375
servers	,8,6,0.2278900146484375
avoid	,8,6,0.2278900146484375
materials	,8,6,0.2278900146484375
lewis	,8,6,0.2278900146484375
contour	,8,6,0.2278900146484375
specific	misc	,6,6,0.2278900146484375
published	,8,6,0.2278900146484375
away	,8,6,0.2278900146484375
assume	,8,6,0.2278900146484375
single	,8,6,0.2278900146484375
resources	,8,6,0.2278900146484375
perspective	,8,6,0.2278900146484375
mar	,8,6,0.2278900146484375
short	mainly	,6,6,0.2278900146484375
express	,8,6,0.2278900146484375
docs	,8,6,0.2278900146484375
communications	,8,6,0.2278900146484375
semi	,8,6,0.2278900146484375
longer	,8,6,0.2278900146484375
discussion	,8,6,0.2278900146484375
discussed	,8,6,0.2278900146484375
37	,8,6,0.2278900146484375
129	201	,6,6,0.2278900146484375
within	201	,6,6,0.2278900146484375
rene	blade	renew	stack	tue	urc	walter	,8,6,0.2278900146484375
unknown	,8,6,0.2278900146484375
scanner	,8,6,0.2278900146484375
errors	,8,6,0.2278900146484375
notice	digitize	,6,6,0.2278900146484375
shouldn	,8,6,0.2278900146484375
planes	,8,6,0.2278900146484375
48	,8,6,0.2278900146484375
unocal	,8,6,0.2278900146484375
took	hours	,6,6,0.2278900146484375
storage	,8,6,0.2278900146484375
switch	,8,6,0.2278900146484375
rahul	gifs	bryanw	,6,6,0.2278900146484375
mention	,8,6,0.2278900146484375
stein	,8,6,0.2278900146484375
trident	,8,6,0.2278900146484375
sent	exchange	,6,6,0.2278900146484375
wayne	,8,6,0.2278900146484375
sparcstation	,8,6,0.2278900146484375
cheap	modules	,6,6,0.2278900146484375
bug	modules	,6,6,0.2278900146484375
486	modules	,6,6,0.2278900146484375
scanned	,8,6,0.2278900146484375
ruu	,8,6,0.2278900146484375
ames	arc	,7,6,0.2278900146484375
soul	,8,6,0.2278900146484375
plotting	,8,6,0.2278900146484375
1989	pp	vol	,6,6,0.2278900146484375
po	,8,6,0.2278900146484375
geometric	1989	calculating	,6,6,0.2278900146484375
bezier	1989	calculating	,6,6,0.2278900146484375
life	significance	philosophical	everything	universe	,6,6,0.2278900146484375
significant	,8,6,0.2278900146484375
conference	,8,6,0.2278900146484375
spent	,8,6,0.2278900146484375
acs	,8,6,0.2278900146484375
wuarchive	wustl	,8,6,0.2278900146484375
toronto	,8,6,0.2278900146484375
assembly	,8,6,0.2278900146484375
320x200	,8,6,0.2278900146484375
uci	,8,6,0.2278900146484375
service	,8,6,0.2278900146484375
saying	,8,6,0.2278900146484375
obviously	,8,6,0.2278900146484375
difference	,8,6,0.2278900146484375
columbia	,8,6,0.2278900146484375
jon	,8,6,0.2278900146484375
birmingham	,8,6,0.2278900146484375
signal	,8,6,0.2278900146484375
ntsc	,8,6,0.2278900146484375
gray	levels	,6,6,0.2278900146484375
grey	,8,6,0.2278900146484375
filter	,8,6,0.2278900146484375
appear	,8,6,0.2278900146484375
rectangular	,8,6,0.2278900146484375
option	,9,6,0.2278900146484375
rumours	supposedly	vnet	cpu	hernandez	muchado	rchland	mcmains	unt	68070	,6,6,0.2278900146484375
chip	,9,6,0.2278900146484375
rumours	rate	vnet	cpu	hernandez	muchado	rchland	mcmains	unt	,6,6,0.2278900146484375
rumours	vnet	cpu	1993apr15	hernandez	muchado	rchland	mcmains	unt	,6,6,0.2278900146484375
rumours	fact	vnet	cpu	hernandez	muchado	rchland	mcmains	unt	,6,6,0.2278900146484375
illinois	cso	urbana	,8,6,0.2278900146484375
register	,9,6,0.2278900146484375
path	,9,6,0.2278900146484375
newer	,9,6,0.2278900146484375
latest	,9,6,0.2278900146484375
industrial	,9,6,0.2278900146484375
extra	,9,6,0.2278900146484375
earlier	,9,6,0.2278900146484375
common	dark	,6,6,0.2278900146484375
almost	dark	,6,6,0.2278900146484375
across	spatial	,6,6,0.2278900146484375
recommend	offer	removal	shading	recommendations	carpenter	boeing	bcstec	rgc3679	,6,6,0.2278900146484375
necessary	,9,6,0.2278900146484375
cube	,9,6,0.2278900146484375
41	vax	vms	,6,6,0.2278900146484375
200	mouse	toolkit	,6,6,0.2278900146484375
editor	tested	,7,6,0.2278900146484375
tech	,9,6,0.2278900146484375
spectrum	,9,6,0.2278900146484375
comments	review	,7,6,0.2278900146484375
415	mountain	,6,6,0.2278900146484375
maps	,9,6,0.2278900146484375
half	,9,6,0.2278900146484375
graph	,9,6,0.2278900146484375
export	,9,6,0.2278900146484375
east	,9,6,0.2278900146484375
dynamic	,9,6,0.2278900146484375
andrew	,9,6,0.2278900146484375
manager	advanced	,6,6,0.2278900146484375
techniques	advanced	,6,6,0.2278900146484375
series	415	,6,6,0.2278900146484375
iris	415	,6,6,0.2278900146484375
graphic	x11	,6,6,0.2278900146484375
texas	tamu	,6,6,0.2278900146484375
road	,9,6,0.2278900146484375
quadra	,9,6,0.2278900146484375
close	,9,6,0.2278900146484375
luck	,9,6,0.2278900146484375
70	,9,6,0.2278900146484375
super	,9,6,0.2278900146484375
models	,9,6,0.2278900146484375
ann	arbor	michigan	,8,6,0.2278900146484375
collection	,9,6,0.2278900146484375
methods	,9,6,0.2278900146484375
wa	,9,6,0.2278900146484375
finding	,9,6,0.2278900146484375
usual	,9,6,0.2278900146484375
na	,9,6,0.2278900146484375
asked	addition	,6,6,0.2278900146484375
edit	,9,6,0.2278900146484375
51	,9,6,0.2278900146484375
exact	,9,6,0.2278900146484375
suite	,9,6,0.2278900146484375
sys	,9,6,0.2278900146484375
sounds	,9,6,0.2278900146484375
morphing	,9,6,0.2278900146484375
architecture	,9,6,0.2278900146484375
received	,9,6,0.2278900146484375
pro	progress	,6,6,0.2278900146484375
presentations	,9,6,0.2278900146484375
types	04	,6,6,0.2278900146484375
along	04	,6,6,0.2278900146484375
apr	04	,6,6,0.2278900146484375
moment	,9,6,0.2278900146484375
located	,9,6,0.2278900146484375
top	header	extended	,6,6,0.2278900146484375
extension	extended	,6,6,0.2278900146484375
add	changes	supported	extended	,6,6,0.2278900146484375
manual	extended	,6,6,0.2278900146484375
within	extended	,6,6,0.2278900146484375
csd	,9,6,0.2278900146484375
money	spend	,6,6,0.2278900146484375
ascii	,9,6,0.2278900146484375
human	vs	,6,6,0.2278900146484375
turbo	,9,6,0.2278900146484375
300	,9,6,0.2278900146484375
word	,9,6,0.2278900146484375
responses	,9,6,0.2278900146484375
nor	,9,6,0.2278900146484375
wuarchive	mirrors	,6,6,0.2278900146484375
short	md	,6,6,0.2278900146484375
implemented	,9,6,0.2278900146484375
human	eye	,7,6,0.2278900146484375
arbitrary	,9,6,0.2278900146484375
press	,9,6,0.2278900146484375
permission	,9,6,0.2278900146484375
thus	newsgroups	,6,6,0.2278900146484375
isbn	,9,6,0.2278900146484375
ee	,9,6,0.2278900146484375
needs	regarding	,6,6,0.2278900146484375
floppy	,9,6,0.2278900146484375
suspect	,9,6,0.2278900146484375
entire	,9,6,0.2278900146484375
creates	,9,6,0.2278900146484375
thinking	,9,6,0.2278900146484375
equipment	,9,6,0.2278900146484375
base	,9,6,0.2278900146484375
man	generated	build	,6,6,0.2278900146484375
description	direct	,6,6,0.2278900146484375
readers	,9,6,0.2278900146484375
top	left	,6,6,0.2278900146484375
jeff	,9,6,0.2278900146484375
vnet	320	hernandez	muchado	rchland	,6,6,0.2278900146484375
rumours	vnet	sprites	hernandez	muchado	rchland	,6,6,0.2278900146484375
rumours	vnet	expect	hernandez	muchado	rchland	,6,6,0.2278900146484375
issue	magazine	,7,6,0.2278900146484375
75	,9,6,0.2278900146484375
ma	,9,6,0.2278900146484375
netherlands	,9,6,0.2278900146484375
advantage	,9,6,0.2278900146484375
38	,9,6,0.2278900146484375
seattle	,9,6,0.2278900146484375
lots	,9,6,0.2278900146484375
companies	,9,6,0.2278900146484375
become	,9,6,0.2278900146484375
informatik	,9,6,0.2278900146484375
uunet	,9,6,0.2278900146484375
added	,9,6,0.2278900146484375
movie	,9,6,0.2278900146484375
class	,9,6,0.2278900146484375
watson	,9,6,0.2278900146484375
san	diego	,8,6,0.2278900146484375
tony	,9,6,0.2278900146484375
disclaimer	necessarily	poster	views	represents	,7,6,0.2278900146484375
july	,9,6,0.2278900146484375
ken	,9,6,0.2278900146484375
specification	,9,6,0.2278900146484375
effort	,9,6,0.2278900146484375
student	,9,6,0.2278900146484375
professional	,9,6,0.2278900146484375
ohio	,9,6,0.2278900146484375
traced	,9,6,0.2278900146484375
scenes	,9,6,0.2278900146484375
fonts	,9,6,0.2278900146484375
williams	,9,6,0.2278900146484375
talking	movies	,6,6,0.2278900146484375
processor	rate	movies	,7,6,0.2278900146484375
mhz	,9,6,0.2278900146484375
flat	,9,6,0.2278900146484375
rate	clock	,6,6,0.2278900146484375
vr	,9,6,0.2278900146484375
mike	,9,6,0.2278900146484375
station	hall	,6,6,0.2278900146484375
certain	,9,6,0.2278900146484375
individual	,9,6,0.2278900146484375
near	,10,6,0.2278900146484375
graphic	workshop	,6,6,0.2278900146484375
advice	,10,6,0.2278900146484375
rate	320	,6,6,0.2278900146484375
200	320	,7,6,0.2278900146484375
today	,10,6,0.2278900146484375
step	,10,6,0.2278900146484375
results	,10,6,0.2278900146484375
converted	,10,6,0.2278900146484375
worth	,10,6,0.2278900146484375
variety	,10,6,0.2278900146484375
besides	together	,6,6,0.2278900146484375
once	together	,6,6,0.2278900146484375
suggest	,10,6,0.2278900146484375
reasonable	,10,6,0.2278900146484375
description	microsoft	,6,6,0.2278900146484375
medical	,10,6,0.2278900146484375
jim	,10,6,0.2278900146484375
manager	iris	,6,6,0.2278900146484375
times	iris	,6,6,0.2278900146484375
compile	,10,6,0.2278900146484375
drive	byte	,6,6,0.2278900146484375
directly	60	,6,6,0.2278900146484375
low	60	,6,6,0.2278900146484375
top	60	,7,6,0.2278900146484375
92	192	,6,6,0.2278900146484375
times	192	,6,6,0.2278900146484375
su	,10,6,0.2278900146484375
interest	basic	fortran	,6,6,0.2278900146484375
stored	,10,6,0.2278900146484375
studio	3ds	,7,6,0.2278900146484375
ones	,10,6,0.2278900146484375
studio	v2	01	,6,6,0.2278900146484375
asked	claim	,6,6,0.2278900146484375
welcome	,10,6,0.2278900146484375
processor	rate	capture	,6,6,0.2278900146484375
640x480	,10,6,0.2278900146484375
switzerland	,10,6,0.2278900146484375
costs	,10,6,0.2278900146484375
alone	stand	,8,6,0.2278900146484375
basic	wireframe	,6,6,0.2278900146484375
render	,10,6,0.2278900146484375
management	,10,6,0.2278900146484375
grant	,10,6,0.2278900146484375
development	,10,6,0.2278900146484375
49	,10,6,0.2278900146484375
further	four	division	,6,6,0.2278900146484375
taking	,10,6,0.2278900146484375
names	,10,6,0.2278900146484375
cause	,10,6,0.2278900146484375
show	,10,6,0.2278900146484375
jpg	,10,6,0.2278900146484375
approach	highly	,6,6,0.2278900146484375
early	highly	,6,6,0.2278900146484375
easily	complex	,6,6,0.2278900146484375
company	complex	,6,6,0.2278900146484375
enjoy	,10,6,0.2278900146484375
recommend	building	bob	,6,6,0.2278900146484375
recent	,10,6,0.2278900146484375
raytracing	,10,6,0.2278900146484375
piece	,10,6,0.2278900146484375
papers	,10,6,0.2278900146484375
outside	,10,6,0.2278900146484375
outputs	,10,6,0.2278900146484375
eric	,10,6,0.2278900146484375
difficult	,10,6,0.2278900146484375
contain	,10,6,0.2278900146484375
early	approach	,6,6,0.2278900146484375
unless	,10,6,0.2278900146484375
situation	,10,6,0.2278900146484375
ok	,10,6,0.2278900146484375
kevin	,10,6,0.2278900146484375
early	notice	,6,6,0.2278900146484375
rate	notice	,6,6,0.2278900146484375
sprites	truly	,6,6,0.2278900146484375
fact	released	cpu	truly	,6,6,0.2278900146484375
supposedly	cpu	truly	,6,6,0.2278900146484375
contains	,10,6,0.2278900146484375
lee	,10,6,0.2278900146484375
33	61	,6,6,0.2278900146484375
150	,10,6,0.2278900146484375
error	,10,6,0.2278900146484375
correct	exists	,6,6,0.2278900146484375
320x200x256	,10,6,0.2278900146484375
reason	,10,6,0.2278900146484375
print	,10,6,0.2278900146484375
define	gems	,6,6,0.2278900146484375
processor	play	,7,6,0.2278900146484375
local	bus	,6,6,0.2278900146484375
west	,10,6,0.2278900146484375
motif	,10,6,0.2278900146484375
ltd	,10,6,0.2278900146484375
okay	,10,6,0.2278900146484375
within	simon	,6,6,0.2278900146484375
fractal	,10,6,0.2278900146484375
graphical	,10,6,0.2278900146484375
price	options	,6,6,0.2278900146484375
short	options	,6,6,0.2278900146484375
minutes	,10,6,0.2278900146484375
mine	,10,6,0.2278900146484375
ram	amount	,6,6,0.2278900146484375
serious	,10,6,0.2278900146484375
april	editor	,6,6,0.2278900146484375
angeles	los	caspian	southern	yeh	zhenghao	zyeh	,7,6,0.2278900146484375
rom	,10,6,0.2278900146484375
et	,10,6,0.2278900146484375
kenneth	,10,6,0.2278900146484375
linear	,10,6,0.2278900146484375
eng	,10,6,0.2278900146484375
somewhere	,10,6,0.2278900146484375
background	,10,6,0.2278900146484375
drive	temp	,7,6,0.2278900146484375
electronic	,11,6,0.2278900146484375
consider	,11,6,0.2278900146484375
fact	cpu	motorola	,6,6,0.2278900146484375
final	,11,6,0.2278900146484375
scott	,11,6,0.2278900146484375
responsible	opinion	,6,6,0.2278900146484375
anyway	none	,6,6,0.2278900146484375
top	none	,6,6,0.2278900146484375
figure	,11,6,0.2278900146484375
extension	header	,6,6,0.2278900146484375
basic	header	,6,6,0.2278900146484375
except	,11,6,0.2278900146484375
creating	,11,6,0.2278900146484375
low	000	,6,6,0.2278900146484375
200	000	,7,6,0.2278900146484375
1992	,11,6,0.2278900146484375
recommend	pascal	boeing	,6,6,0.2278900146484375
vertices	,11,6,0.2278900146484375
recommend	cost	,6,6,0.2278900146484375
literature	,11,6,0.2278900146484375
33	vision	,6,6,0.2278900146484375
specifically	,11,6,0.2278900146484375
normal	,11,6,0.2278900146484375
implementation	,11,6,0.2278900146484375
devices	,11,6,0.2278900146484375
reads	,11,6,0.2278900146484375
types	present	,6,6,0.2278900146484375
april	present	,6,6,0.2278900146484375
voice	present	,7,6,0.2278900146484375
purpose	addresses	,6,6,0.2278900146484375
types	addresses	,6,6,0.2278900146484375
specific	addresses	,6,6,0.2278900146484375
interest	addresses	,6,6,0.2278900146484375
65	,11,6,0.2278900146484375
supported	responsible	understanding	,6,6,0.2278900146484375
computers	understanding	,6,6,0.2278900146484375
respond	,11,6,0.2278900146484375
basically	,11,6,0.2278900146484375
modeling	,11,6,0.2278900146484375
alt	,11,6,0.2278900146484375
shape	,11,6,0.2278900146484375
recommend	pascal	carpenter	,6,6,0.2278900146484375
nearly	,11,6,0.2278900146484375
sets	ways	,6,6,0.2278900146484375
sets	resulting	,6,6,0.2278900146484375
exactly	resulting	,6,6,0.2278900146484375
against	resulting	,7,6,0.2278900146484375
converts	,11,6,0.2278900146484375
knowledge	,11,6,0.2278900146484375
directly	manager	,6,6,0.2278900146484375
frames	,11,6,0.2278900146484375
man	soon	,6,6,0.2278900146484375
odd	,11,6,0.2278900146484375
remember	,11,6,0.2278900146484375
stupid	bryan	,8,6,0.2278900146484375
diamond	,11,6,0.2278900146484375
fractals	,11,6,0.2278900146484375
berkeley	,11,6,0.2278900146484375
started	,11,6,0.2278900146484375
provided	,11,6,0.2278900146484375
wouldn	,11,6,0.2278900146484375
brian	,11,6,0.2278900146484375
room	,11,6,0.2278900146484375
iff	,11,6,0.2278900146484375
mapping	texture	,7,6,0.2278900146484375
povray	,11,6,0.2278900146484375
vector	,11,6,0.2278900146484375
cross	,11,6,0.2278900146484375
curve	curves	bezier	1989	,6,6,0.2278900146484375
geometric	bezier	1989	,6,6,0.2278900146484375
significance	philosophical	guide	,6,6,0.2278900146484375
usually	,11,6,0.2278900146484375
significance	philosophical	nova	allen	spec	,6,6,0.2278900146484375
34	,11,6,0.2278900146484375
share	,11,6,0.2278900146484375
stephen	,11,6,0.2278900146484375
expect	talking	,6,6,0.2278900146484375
processor	talking	,6,6,0.2278900146484375
asked	talking	,6,6,0.2278900146484375
spot	,11,6,0.2278900146484375
friend	,11,6,0.2278900146484375
response	,11,6,0.2278900146484375
city	,11,6,0.2278900146484375
market	,12,6,0.2278900146484375
studio	previous	,6,6,0.2278900146484375
obtain	,12,6,0.2278900146484375
issues	,12,6,0.2278900146484375
chicago	,12,6,0.2278900146484375
interest	techniques	,6,6,0.2278900146484375
drive	places	,7,6,0.2278900146484375
compatible	,12,6,0.2278900146484375
early	plain	,6,6,0.2278900146484375
expect	cpu	plain	,6,6,0.2278900146484375
trouble	plain	,6,6,0.2278900146484375
asked	expect	plain	,6,6,0.2278900146484375
v1	,12,6,0.2278900146484375
shelley	,12,6,0.2278900146484375
experience	,12,6,0.2278900146484375
feel	personally	tdawson	forum	herringshaw	learn	proposed	favor	concerning	curious	posts	discussing	daemon	awful	convenience	wate	,7,6,0.2278900146484375
power	,12,6,0.2278900146484375
long	further	regular	,6,6,0.2278900146484375
human	ready	,7,6,0.2278900146484375
ever	,12,6,0.2278900146484375
complicated	,12,6,0.2278900146484375
western	,12,6,0.2278900146484375
replies	,12,6,0.2278900146484375
oz	,12,6,0.2278900146484375
generate	,12,6,0.2278900146484375
control	,12,6,0.2278900146484375
possibly	,12,6,0.2278900146484375
within	intersection	,6,6,0.2278900146484375
cpu	early	,6,6,0.2278900146484375
saw	,12,6,0.2278900146484375
changes	mouse	,6,6,0.2278900146484375
happy	excellent	,6,6,0.2278900146484375
recommend	excellent	,6,6,0.2278900146484375
distance	,12,6,0.2278900146484375
quick	,12,6,0.2278900146484375
sound	,12,6,0.2278900146484375
capabilities	,12,6,0.2278900146484375
later	binary	,6,6,0.2278900146484375
specific	binary	,6,6,0.2278900146484375
along	binary	,6,6,0.2278900146484375
everything	binary	,6,6,0.2278900146484375
times	binary	,6,6,0.2278900146484375
life	binary	,6,6,0.2278900146484375
until	,12,6,0.2278900146484375
starting	,12,6,0.2278900146484375
bugs	street	,6,6,0.2278900146484375
cheap	client	,6,6,0.2278900146484375
bugs	cheap	,6,6,0.2278900146484375
white	,12,6,0.2278900146484375
palette	,12,6,0.2278900146484375
direction	,12,6,0.2278900146484375
44	,12,6,0.2278900146484375
bytes	,12,6,0.2278900146484375
goes	,12,6,0.2278900146484375
human	designed	,6,6,0.2278900146484375
technique	,12,6,0.2278900146484375
everyone	,12,6,0.2278900146484375
pointers	,12,6,0.2278900146484375
top	bottom	,6,6,0.2278900146484375
game	,12,6,0.2278900146484375
showing	cpu	,6,6,0.2278900146484375
processor	cpu	,6,6,0.2278900146484375
fact	expect	cpu	,6,6,0.2278900146484375
fact	supposedly	cpu	,6,6,0.2278900146484375
fact	rate	cpu	,6,6,0.2278900146484375
processor	rate	showing	,6,6,0.2278900146484375
fact	showing	,6,6,0.2278900146484375
colour	,12,6,0.2278900146484375
plus	gray	,6,6,0.2278900146484375
64	gray	,7,6,0.2278900146484375
along	area	,6,6,0.2278900146484375
slow	,13,6,0.2278900146484375
four	limited	,6,6,0.2278900146484375
basic	limited	,6,6,0.2278900146484375
description	limited	,6,6,0.2278900146484375
particular	directly	,6,6,0.2278900146484375
top	directly	,6,6,0.2278900146484375
low	directly	,6,6,0.2278900146484375
matter	,13,6,0.2278900146484375
port	,13,6,0.2278900146484375
boxes	,13,6,0.2278900146484375
human	home	workstation	,6,6,0.2278900146484375
often	,13,6,0.2278900146484375
short	compiled	,6,6,0.2278900146484375
load	supported	,6,6,0.2278900146484375
common	supported	,6,6,0.2278900146484375
needs	supported	,6,6,0.2278900146484375
maybe	supported	,6,6,0.2278900146484375
easily	types	supported	,6,6,0.2278900146484375
types	platform	,6,6,0.2278900146484375
below	platform	,6,6,0.2278900146484375
isn	,13,6,0.2278900146484375
centre	,13,6,0.2278900146484375
description	online	,6,6,0.2278900146484375
services	online	,7,6,0.2278900146484375
april	voice	,6,6,0.2278900146484375
says	,13,6,0.2278900146484375
within	command	,6,6,0.2278900146484375
happy	choice	,6,6,0.2278900146484375
upon	,13,6,0.2278900146484375
leave	,13,6,0.2278900146484375
5000	,13,6,0.2278900146484375
manual	structure	,6,6,0.2278900146484375
parameters	,13,6,0.2278900146484375
laboratory	,13,6,0.2278900146484375
hand	,13,6,0.2278900146484375
guess	,13,6,0.2278900146484375
love	,13,6,0.2278900146484375
expect	mentioned	,6,6,0.2278900146484375
motion	expect	,6,6,0.2278900146484375
below	less	,6,6,0.2278900146484375
description	less	,6,6,0.2278900146484375
instead	,13,6,0.2278900146484375
drive	down	,6,6,0.2278900146484375
within	down	,6,6,0.2278900146484375
short	down	,6,6,0.2278900146484375
converter	,13,6,0.2278900146484375
richard	,13,6,0.2278900146484375
put	,13,6,0.2278900146484375
references	,13,6,0.2278900146484375
corp	ny	,6,6,0.2278900146484375
geometric	curves	,6,6,0.2278900146484375
finally	,13,6,0.2278900146484375
words	load	,6,6,0.2278900146484375
certainly	,13,6,0.2278900146484375
39	,13,6,0.2278900146484375
geometric	acm	,7,6,0.2278900146484375
low	basic	across	,6,6,0.2278900146484375
top	across	,6,6,0.2278900146484375
times	across	,6,6,0.2278900146484375
ps	,13,6,0.2278900146484375
basic	types	plus	,6,6,0.2278900146484375
description	plus	,6,6,0.2278900146484375
al	,13,6,0.2278900146484375
whether	inside	,6,6,0.2278900146484375
geometric	curve	,6,6,0.2278900146484375
utility	,13,6,0.2278900146484375
unit	,13,6,0.2278900146484375
created	tga	,6,6,0.2278900146484375
again	,14,6,0.2278900146484375
date	higher	,6,6,0.2278900146484375
included	,14,6,0.2278900146484375
pages	,14,6,0.2278900146484375
idea	,14,6,0.2278900146484375
bmp	,14,6,0.2278900146484375
helpful	,14,6,0.2278900146484375
surfaces	,14,6,0.2278900146484375
description	required	,6,6,0.2278900146484375
numbers	,14,6,0.2278900146484375
further	types	four	,6,6,0.2278900146484375
below	types	,6,6,0.2278900146484375
specific	types	,6,6,0.2278900146484375
short	april	types	,6,6,0.2278900146484375
long	types	,6,6,0.2278900146484375
sent	april	types	,6,6,0.2278900146484375
add	easily	,6,6,0.2278900146484375
comments	easily	,6,6,0.2278900146484375
libraries	easily	,6,6,0.2278900146484375
specific	easily	,7,6,0.2278900146484375
move	changes	,6,6,0.2278900146484375
main	changes	,6,6,0.2278900146484375
description	short	below	changes	,6,6,0.2278900146484375
human	changes	,6,6,0.2278900146484375
29	,14,6,0.2278900146484375
add	move	,6,6,0.2278900146484375
allow	move	,6,6,0.2278900146484375
description	move	,6,6,0.2278900146484375
top	move	,7,6,0.2278900146484375
recommend	pascal	shading	,6,6,0.2278900146484375
price	manual	,6,6,0.2278900146484375
top	manual	,6,6,0.2278900146484375
human	manual	,6,6,0.2278900146484375
easier	,14,6,0.2278900146484375
parallel	,14,6,0.2278900146484375
major	,14,6,0.2278900146484375
hear	,14,6,0.2278900146484375
oak	,14,6,0.2278900146484375
media	multimedia	,6,6,0.2278900146484375
labs	,14,6,0.2278900146484375
international	,14,6,0.2278900146484375
van	,14,6,0.2278900146484375
ie	,14,6,0.2278900146484375
tom	,14,6,0.2278900146484375
adobe	geometric	,6,6,0.2278900146484375
makes	,14,6,0.2278900146484375
suggestions	significance	philosophical	came	,7,6,0.2278900146484375
asked	trouble	,6,6,0.2278900146484375
months	,14,6,0.2278900146484375
rate	depth	,6,6,0.2278900146484375
fill	,14,6,0.2278900146484375
dave	,14,6,0.2278900146484375
release	against	,6,6,0.2278900146484375
man	took	,7,6,0.2278900146484375
monitor	,14,6,0.2278900146484375
displaying	,14,6,0.2278900146484375
define	math	,6,6,0.2278900146484375
human	common	,7,6,0.2278900146484375
germany	,15,6,0.2278900146484375
articles	,15,6,0.2278900146484375
perhaps	,15,6,0.2278900146484375
products	,15,6,0.2278900146484375
apr	gmt	,12,6,0.2278900146484375
unfortunately	,15,6,0.2278900146484375
libraries	drive	add	,6,6,0.2278900146484375
company	design	,6,6,0.2278900146484375
computers	design	,7,6,0.2278900146484375
otherwise	,15,6,0.2278900146484375
sent	os	,6,6,0.2278900146484375
short	os	,6,6,0.2278900146484375
myself	,15,6,0.2278900146484375
netters	,15,6,0.2278900146484375
drive	later	,6,6,0.2278900146484375
description	short	later	,6,6,0.2278900146484375
within	date	,6,6,0.2278900146484375
apr	date	,6,6,0.2278900146484375
feel	date	,6,6,0.2278900146484375
further	april	,6,6,0.2278900146484375
long	april	,6,6,0.2278900146484375
exactly	adobe	,6,6,0.2278900146484375
originator	,15,6,0.2278900146484375
looked	,15,6,0.2278900146484375
title	,15,6,0.2278900146484375
sci	york	,6,6,0.2278900146484375
bitnet	york	,6,6,0.2278900146484375
feel	below	,6,6,0.2278900146484375
bug	bugs	,6,6,0.2278900146484375
needs	comments	bugs	,6,6,0.2278900146484375
486	bugs	,7,6,0.2278900146484375
386	486	,7,6,0.2278900146484375
always	,15,6,0.2278900146484375
location	,15,6,0.2278900146484375
thanx	,15,6,0.2278900146484375
fact	poster	,6,6,0.2278900146484375
won	,15,6,0.2278900146484375
defined	,15,6,0.2278900146484375
once	whole	,6,6,0.2278900146484375
28	,15,6,0.2278900146484375
haven	,16,6,0.2278900146484375
rate	supposedly	,6,6,0.2278900146484375
require	,16,6,0.2278900146484375
short	sent	,6,6,0.2278900146484375
release	sent	,8,6,0.2278900146484375
computers	specific	,6,6,0.2278900146484375
dr	specific	,6,6,0.2278900146484375
interest	specific	,6,6,0.2278900146484375
cannot	,16,6,0.2278900146484375
sort	once	,7,6,0.2278900146484375
turn	,16,6,0.2278900146484375
corporation	,16,6,0.2278900146484375
35	,16,6,0.2278900146484375
within	determine	,8,6,0.2278900146484375
further	keep	,6,6,0.2278900146484375
fact	keep	,6,6,0.2278900146484375
short	keep	,6,6,0.2278900146484375
needs	keep	,6,6,0.2278900146484375
fairly	,16,6,0.2278900146484375
paper	,16,6,0.2278900146484375
gives	,16,6,0.2278900146484375
recommend	price	,6,6,0.2278900146484375
nothing	,16,6,0.2278900146484375
dr	computers	,7,6,0.2278900146484375
thought	,16,6,0.2278900146484375
believe	further	,6,6,0.2278900146484375
short	further	,6,6,0.2278900146484375
takes	,16,6,0.2278900146484375
deal	,16,6,0.2278900146484375
within	mind	,6,6,0.2278900146484375
although	,16,6,0.2278900146484375
rgb	,17,6,0.2278900146484375
ontario	,17,6,0.2278900146484375
regards	,17,6,0.2278900146484375
whatever	,17,6,0.2278900146484375
basic	happy	,6,6,0.2278900146484375
thus	asked	,6,6,0.2278900146484375
personally	asked	,7,6,0.2278900146484375
31	,17,6,0.2278900146484375
needs	test	,6,6,0.2278900146484375
comments	test	,7,6,0.2278900146484375
hard	basic	,6,6,0.2278900146484375
recommend	basic	,6,6,0.2278900146484375
description	basic	,6,6,0.2278900146484375
explain	,17,6,0.2278900146484375
important	,17,6,0.2278900146484375
rumours	motion	,9,6,0.2278900146484375
hard	future	,6,6,0.2278900146484375
release	future	,7,6,0.2278900146484375
short	thus	,6,6,0.2278900146484375
short	helps	,6,6,0.2278900146484375
simply	,17,6,0.2278900146484375
low	looks	,6,6,0.2278900146484375
top	seem	,6,6,0.2278900146484375
human	seem	,6,6,0.2278900146484375
within	33	,6,6,0.2278900146484375
pl8	,17,6,0.2278900146484375
believe	fact	,6,6,0.2278900146484375
1993apr19	,17,6,0.2278900146484375
within	whether	,6,6,0.2278900146484375
long	whether	,6,6,0.2278900146484375
maybe	whether	,6,6,0.2278900146484375
couple	,17,6,0.2278900146484375
low	ago	,6,6,0.2278900146484375
sciences	,17,6,0.2278900146484375
pd	,17,6,0.2278900146484375
opinions	,18,6,0.2278900146484375
mean	,18,6,0.2278900146484375
low	200	,6,6,0.2278900146484375
feel	north	,6,6,0.2278900146484375
interesting	,18,6,0.2278900146484375
man	company	,6,6,0.2278900146484375
386	top	,6,6,0.2278900146484375
low	top	,6,6,0.2278900146484375
description	top	,6,6,0.2278900146484375
libraries	comments	,6,6,0.2278900146484375
pl9	,19,6,0.2278900146484375
recommend	libraries	,6,6,0.2278900146484375
low	libraries	,7,6,0.2278900146484375
maybe	almost	,6,6,0.2278900146484375
needs	believe	,6,6,0.2278900146484375
long	believe	,7,6,0.2278900146484375
due	,19,6,0.2278900146484375
short	within	,6,6,0.2278900146484375
description	within	,7,6,0.2278900146484375
define	solution	,8,6,0.2278900146484375
appreciate	,19,6,0.2278900146484375
short	times	,6,6,0.2278900146484375
long	times	,6,6,0.2278900146484375
life	times	,6,6,0.2278900146484375
recommend	low	,6,6,0.2278900146484375
maybe	low	,6,6,0.2278900146484375
recommend	hard	,6,6,0.2278900146484375
recently	hard	,6,6,0.2278900146484375
comes	,20,6,0.2278900146484375
long	short	,6,6,0.2278900146484375
apr	short	,6,6,0.2278900146484375
26	,20,6,0.2278900146484375
feel	description	,6,6,0.2278900146484375
needs	long	,6,6,0.2278900146484375
maybe	long	,6,6,0.2278900146484375
knows	,21,6,0.2278900146484375
wondering	,21,6,0.2278900146484375
apr	personally	,6,6,0.2278900146484375
feel	apr	,8,6,0.2278900146484375
didn	,22,6,0.2278900146484375
wrong	,23,6,0.2278900146484375
tried	,24,6,0.2278900146484375
ideas	,24,6,0.2278900146484375
